-75.71465491386246,35.95078263847815,-7.26078895298115,1
-82.35826759857929,-28.908213221886026,-5.496671386951117,0
-74.63064343955239,67.9064964653377,19.46180812390121,1
11.077422725984189,-34.89848586271189,-0.053017792252395717,0
89.74378806141755,2.7469370762075256,25.21285860699512,1
-80.97792192337417,3.946887167698839,0.6413949366510194,0
4.3509592940867465,-46.93391220267286,9.183417798376746,1
-82.13729445124028,-7.097953920942064,67.4889990516661,0
468.8663886756296,31.528257571760186,10.057071525038255,1
-80.19384983570711,18.048282925069476,-18.049762592765166,1
-81.1049703815952,1.2090135366111963,-18.390449981804252,0
-75.74217323757391,55.758465784435764,5.843018763228941,1
-78.71637198664286,31.128431706002985,-5.2935991426287625,0
767.4740620387641,-4.267684141309882,30.567286721749248,1
98.75739538134381,37.56777331091125,4.83426816557127,1
-83.68316631048042,-21.57721753748633,65.73033225084227,1
150.93944047856377,-16.19716377233924,-20.589987260053583,1
-81.80976268404352,-4.429602045843573,-1.3496596518225275,1
2.024761949441034,-23.827289143885114,26.809237909256318,0
16.148466929011562,-7.800201136260474,-4.361995485614442,1
156.30452500530555,-8.775736207967798,-19.89024736176328,0
-82.41974203130471,-7.829792021147803,-14.896122140343978,0
-72.73967494495338,86.24860792575438,-5.9495830297421906,1
-78.41829714614524,5.800007951576902,-15.623335425807728,1
69.0511626213314,20.90599058603519,-25.230372255564006,1
35.653171518522335,1.6561215560174056,-2.16859706725657,1
-77.77058291993517,36.884974029496384,-0.26085578358716444,1
56.98491485251998,-31.100479607083308,5.038791369657647,0
32.22389271482753,25.574008812572988,-9.22135712530763,0
-80.49978846957485,8.994191990742152,-17.949085930741056,0
-80.02788066874417,0.47277418845144326,-14.408685986105121,0
168.7573348521972,19.753709890557396,-1.5918094560173917,1
-29.656437464900307,-32.49602844415761,10.29497449653664,0
-83.11048572398833,-17.357229919063105,-18.421917628907476,0
-78.47861431312553,10.864046293945409,-13.9645335465397,0
110.17679870248644,-30.433003469802046,5.445097194822389,0
-78.71723567196335,26.81323444424731,0.1831125474003445,0
-80.02969533407827,-8.844540952989785,-17.635295094901046,1
-80.87234245722193,-24.508556622334563,-11.67273356299047,1
127.00144441127476,-19.34231164320231,-13.081346650217203,1
-3.7062044091700392,56.467490999275036,12.272757144733706,0
-78.97836765970852,23.606235977057644,-9.002105986253516,0
-80.68156444498739,-1.8302205758250227,-24.842576574372384,0
164.96987998219976,42.813215664077944,-32.73610353726775,1
-76.94737619885692,45.86443250948858,14.49556879458598,0
-72.21859597411931,62.734111304055276,3.793483476096323,1
-78.2639584180525,30.520942414297952,21.220724666308033,0
-83.73496854159215,-43.00870415552484,-9.659464851453556,0
-80.25238841228324,-10.858967095711824,-5.626335468828853,1
-83.58601088187588,-19.246848292100584,71.42456109976716,0
-0.09960759370950482,-17.739188808157092,-6.500521647192419,0
-46.16508262071343,-19.033335277809677,17.556055137708363,0
-59.74468788232356,-27.858025778112623,-1.8008244103263813,0
225.15499423726584,38.56809562585467,-14.310697226432382,1
264.49557228278,3.229436060991583,4.421439836480178,0
-84.95871915172472,-43.31678372415031,15.106316576915992,0
230.27165251508183,43.25479664985866,7.735687053022316,1
30.873971548668425,-22.478994647407756,-33.502726331609615,0
-77.74501804488959,36.798761033851854,-6.053951983107752,0
61.55936778006215,-24.46356943334396,-2.3102986600844186,0
-85.61925146346746,-40.197008933049595,68.90124625923556,0
-79.28314325284491,21.863058573170022,2.761244585806704,1
-88.24305963904087,-66.94200712262331,0.7106279463461501,0
50.41871313009827,10.984138858820241,12.079529288376577,0
-81.24820150189954,2.9327603802672195,5.230256350188668,1
-80.95977986577618,-13.702897090209188,-10.787466964946475,0
-79.53598291219899,-1.2749478390151614,-24.29313423939261,1
-81.21248585835112,3.7956384434613577,-22.175738041725673,0
-44.690743071318316,-23.025977378312007,3.326810602174606,0
23.14390904988662,23.361109789860087,-11.432736645348026,0
8.039289556581243,-22.422216037096472,0.8250011165935878,1
62.32922018701802,9.196154300683322,5.4606417451715625,0
-79.55167082320739,18.63917712491384,-16.72672127529214,1
190.00190049558043,-8.975464764883824,-9.39762499534405,0
-82.6317776820987,-34.52997376207812,-14.552601966699026,0
-91.50338786068647,-114.93061601134995,3.060283661345802,0
-86.14045285135546,-46.06870390165044,-13.145784774886678,0
-80.87886469338997,-18.514764334712204,-11.88342859612968,0
-80.43063889347624,8.181610922618564,69.3384714248251,1
-80.14216132004547,-3.2872329242777125,1.5926498659925088,0
-80.97661711002512,-5.296228544379073,25.36638069841838,0
-86.601040480765,-49.779106151110554,67.34163412524939,0
-12.02407596821558,-34.73073096159356,-15.562634954319577,0
-80.86411050035727,-14.815102020652056,-0.5558160475965819,0
-78.07660359448133,31.259186812667835,-31.661396859470653,1
44.44830799016147,-15.5613211237656,-6.95757650769791,0
-78.62290149453301,-6.383153507140889,-19.045071849121907,0
-10.408548610919079,-20.647528808952305,-3.4440005844211345,0
32.194883357795895,13.151772817636697,-3.6957131912125694,1
-80.75834145946787,-7.643185463763925,-0.22449993801436904,0
-84.85577650699871,-35.40633853133077,15.084639453501147,0
95.57973817264282,-5.079557729403821,-6.12975021513896,0
-33.98852712872607,-33.65087214295572,-23.687090150361094,0
-79.37959884042411,25.26075650413132,1.5652332428358033,1
-13.627523096684262,21.890729603808463,-5.87755861748929,0
149.87696853910182,9.562054847046745,0.6194732972938566,0
-81.70584867742035,-23.336362802825874,-0.30215459941190187,0
-9.264003346152899,-53.18144306192551,16.021417547191692,0
-18.16557859195961,-30.42450558099965,12.05894087073148,0
141.79166237961704,-10.536387697578633,-27.527754788740527,1
-76.2272778149703,50.31712125278703,7.165565078356317,1
-77.73622084468981,34.799035484003255,19.603226363362918,0
-79.74477984036785,14.29845833555749,-16.71007256149562,0
-43.571928714711056,-36.07542169651125,-6.510730007058674,0
-83.94161580233234,-27.29904213830795,3.086377144584325,0
72.50923666107288,-6.152622943670745,13.773249105531987,0
-82.1877371093103,-9.347074497904863,-45.615563247452194,0
62.271775663047116,15.1721543122011,12.385026593947504,0
-64.55990649086856,-34.24094297556716,1.0477567364904357,0
-45.38718440343996,-20.16155350263007,-20.13571526828804,1
60.57777738685015,41.92597232779963,2.8532472820658694,1
415.86792777669956,-5.478953723869231,16.518729267767167,1
-44.66432387498078,-28.29617431318838,-14.51204222648909,0
-84.94586324595278,-36.97318801059354,5.510933535228799,0
98.77527267354911,27.01199941872896,17.42496757204819,1
-77.78374294063852,40.25344580780814,-16.268677669959434,1
-80.10624626804399,13.240501464094008,-0.3273561749704791,1
-84.98162652971551,-37.006726741669944,18.729431787913704,0
-81.59714298418236,-18.86431496265909,4.451078557717034,0
-31.048038956554052,-19.387627855473337,-5.707774435754446,0
26.681986101987093,36.732280842380725,-12.617050097823128,1
-79.11850820615102,-5.004198073317176,-3.233385706132506,0
19.418772871522705,-16.67469072566394,-7.876236297278526,0
-79.43859851274908,25.876618183456078,-7.650190788889318,0
-81.09618392550392,0.5814088221263051,-1.663193159607013,1
16.879436350210998,-40.58725047303808,23.09377058066482,1
55.48818202564869,-6.474817672802271,-3.7199987614431884,0
14.640828170883301,-8.067195819498984,6.555302221171334,0
64.9016694984208,-6.474406929627617,-18.79989078026802,1
-81.96436682045828,-0.8477136860182101,-14.368174244564909,1
92.2750388959498,42.678452985632674,10.835681081607376,1
-80.59113500539418,8.099317215305192,16.6197468408853,1
149.96973293511488,31.96814444478315,9.837701272954256,1
-82.08450831707796,-27.031313498838472,-16.34442150335397,0
-33.620928276257914,-22.57731008940805,1.5092689118478027,0
60.045059899148725,-3.2376116410377405,10.499322645119662,0
-31.25680286978306,-19.54201871140038,-4.344621755128367,0
9.514461987969078,-31.64157002527198,5.216829756332935,0
-79.51740936767737,17.44711976915192,-3.533066879458822,0
242.60236183172836,-39.21247527166095,-2.422829787589162,0
-79.88789852808029,19.428628063089896,-3.8227996955056636,0
-79.83831476155221,-4.601443437079193,-20.22768936418903,0
-17.8374839641542,-15.283761195506747,13.28456102689088,0
-81.84673306160293,-2.8513309595433673,4.355258246054689,1
206.60061042563433,9.854679526362794,13.54846258832276,0
-81.25007304539858,-13.429921104611186,-4.718618329460913,0
-84.35072708381959,-52.7323584182612,-27.13857566145706,0
38.25080958072292,-19.75616125091646,-0.9015463789501473,0
-77.89266022034805,39.93941708172215,-4.0658963345835435,0
-82.49419213560716,-23.991388990641063,-3.7711569982217625,0
126.80566547556907,0.8170076768275121,-8.281700876136595,0
-81.39302987857978,1.5102001641183846,8.290923943888592,0
78.83258650077853,30.43302806008461,-12.784157845090837,1
407.2238543358701,-7.636974907315486,-5.170976596488199,0
-73.6111165363029,77.45122552060022,2.6266202354963055,1
-74.2416034941,40.41983315022336,-24.647676135273354,1
11.293375172350284,-26.841596957778652,17.19270463996071,0
53.421351898221474,-20.492691038633296,13.6470781404502,0
-29.84515926699676,-30.419137649136132,-7.475360172718882,0
39.42253081666206,39.57101274353736,-5.397741939849531,1
-74.95014629980632,39.05707738267694,-22.037914473957766,0
24.46463434171536,-19.22160531146705,-14.907615562284825,0
204.30671687335413,-25.74205330960302,-11.614937750274516,0
-81.21075185244739,-15.49511526871487,1.163261216565489,0
-79.19811023542978,20.96614089922717,-11.055313339778621,1
73.88654352963103,-21.755995385742917,-5.30583274579499,1
-76.32851311660413,31.63331231467585,5.070186556112159,0
-80.639155014844,7.710602029485321,5.740457309011568,0
-81.5995361453182,-2.8883144950496953,6.4739060104916035,0
-2.970768484890623,-6.7725347879770394,-17.083799556171886,0
-82.16910490041786,-7.420878457241075,-10.210233477702257,1
51.359159803298816,7.589841304205002,1.3835441318202226,1
-83.53750763414172,-36.69261778738466,57.940467464321756,0
-34.31706166545132,-41.214444786889516,-5.04158727677431,0
-29.01696402687277,-43.38067596448859,-3.081170982484683,0
56.880513035662766,51.42353643662009,-0.40596932856585954,1
-83.91194953653267,-23.656123194309735,-9.764485734136475,0
53.37807537955398,8.006813860439054,-46.98078429606217,1
-78.06143403352641,34.058321424084994,-3.878039003316232,0
-79.31521718370006,20.309031517574223,-7.397005331541972,1
-83.76073938412787,-23.20559348551079,-9.00827254733934,0
11.780044317637635,-4.959883082865093,6.45846484890877,0
-68.19773656702296,-113.41650670187718,-20.713366455727837,0
-85.38157922336752,-40.208957443017965,7.60588768964891,0
-78.53821347257275,29.72515218110261,2.7301178865055853,0
-71.64264221969763,79.37910695258302,5.9778177869566145,1
419.0106440306936,21.85056734934644,10.403069324777924,1
-19.238833096870362,11.790014091734859,-32.282390072552545,1
33.9765607264018,-15.302293325875748,-12.287389556287993,1
82.49449617864596,9.574879668503215,-9.151134602870687,1
-81.66603429692947,-4.06485352312102,12.565247662960713,0
15.72953990313203,0.5886224608515361,-8.53929085084771,0
-76.85885088768147,45.72857007098328,12.755061065628102,1
-79.98387462703963,14.709649031946293,66.70326957625093,1
-83.16640514406501,-28.35158659242321,6.167849097672092,0
134.53241423296063,24.46309408814553,-12.443977540187309,1
-82.28938987822403,-10.431158043078694,15.214289449639036,0
-33.600761505435464,-12.95310791347239,8.7162885858018,1
19.313292609728265,-16.34221872807406,-3.2644138441932142,1
239.4562410757706,1.503428367327437,15.973079646875794,1
-80.0844799664632,-0.16462476753331143,-9.710121171846545,0
-78.47893076185846,26.780987543441775,-5.1626110154360845,0
-80.61472662018123,-5.592053896017717,-1.4756075648305924,0
-38.09218523054039,-18.970361686350014,-0.963784473964125,0
108.43207224026487,-24.710973503333108,-9.978454631138842,0
-79.81099218176928,-3.318293193800237,-6.225792958084436,0
206.77680270324672,58.24584883513717,2.2100136298206206,1
-75.90471834650704,56.57786110292955,-24.797441932525615,1
5.092689156490032,-27.706231449343505,0.7454789854214865,0
-72.06529956935492,71.61914073951922,-11.697782248397603,1
-83.23662318647519,-34.01021882847907,2.198119311085993,0
-74.21530178302409,32.375705487656816,-23.051266257117714,0
-72.58489406307842,71.03679067386615,-24.15937054477669,0
52.17860658159714,12.041351029518983,5.743944472129602,1
94.58923690978698,-15.88229594394184,-15.447093644916198,1
194.12901255806975,11.489600888922354,-0.5512414179120971,1
48.907505519595986,-19.36211940740675,0.10167386354547843,1
40.85446338059706,-0.7358443378273161,-0.0823567637515631,0
-82.63237691872914,-27.02369634994219,-11.261057053083602,1
-81.36616072482929,1.0377416795198116,4.451558410054119,1
401.4009654541732,13.404138105333107,23.47771364740556,1
-76.65022310274199,52.310697227126376,-13.338088566589052,1
-81.90996968035466,-2.6300807717831685,68.46411599016591,0
111.96645237166341,11.890339622245733,6.781191659775433,0
-26.15151979862187,-19.65559929233167,3.152074524477167,0
-50.16745933799118,-29.059146377620618,-14.924428049051242,0
-82.24703410950875,-10.551937320385013,-4.078516312409089,0
-74.33568280037352,43.006755955442024,15.127908065700543,1
668.2795422119946,10.110064962220132,18.008106996033135,0
-25.959171076590838,-1.0720416726989237,-14.886378196342454,0
-77.95312723176035,30.647931280006805,-8.11022925129754,1
290.80783920445134,-11.621612965213348,-10.66768786219882,1
-46.20236552597098,-37.34217624285078,-15.979698178024671,0
-80.35021898227308,9.20757798494376,5.939587345858234,0
-38.704900781027256,-44.449523469669224,-7.120166222481803,0
-75.36184668703328,57.39703977341728,8.51501084095944,1
117.55954844588021,52.649183209714415,-5.723938498474907,1
-72.623350752496,65.67938383562195,-14.831453636046039,1
-74.788167273305,51.43267751887918,-9.175856084420607,1
-82.19934483901415,-8.307457860829414,-1.4826396674061724,0
-82.03537753489998,-24.349146234901824,-0.3458104208298622,0
5.9861370621664705,-31.896213930050624,-7.200260723288296,0
-79.01744721183645,22.303052447680475,23.43803474786223,1
95.0623354342715,-13.955031381059777,19.550402094453688,1
116.96483416987998,13.398126700416297,-5.052572636431426,0
-73.25198691100768,73.71154919607638,-7.414682851898645,1
-80.45844063625299,10.846881079309263,4.802722523480452,0
601.8019505859074,-12.239908783793629,-5.502848084733033,0
321.09073173198914,-27.680758639951538,1.89045275056557,0
-80.02342841167156,-1.1710607906893866,-16.606526512833437,0
-82.28239210834668,-6.861409908480012,17.16427074424246,0
-79.49501087039512,17.6290627340082,-6.592866140031271,0
-27.942108019528757,-27.45893061353286,-10.787962550044304,0
-81.89375089341682,-28.257367817351387,-8.562442935514172,0
173.0937304249419,-43.69234753815153,9.352796997427467,1
-79.15336320171166,-3.3900337174227873,-1.1505030246175068,1
-79.3198605523747,-5.558756900629103,4.003853217760097,0
-79.86619231044546,-0.7452016008603962,-0.5807886167936602,0
299.58993231291936,38.0733016878617,37.58145910357603,0
73.55824125930647,29.77483055500229,-4.849480150907195,1
56.34124248128433,63.606204078425186,13.896298536919424,0
-79.6468320931758,17.492183926239353,72.32786323876579,1
-81.03742201419806,-19.4467259577342,-8.591118767679633,0
-77.44523241126427,34.10754978522932,-10.765142250382343,0
-80.41247684281218,10.028284977362699,11.262534491155305,1
-15.235934191471015,-20.680188071960355,-9.038906818644495,0
-79.83871155000504,14.523341027320965,71.38136973684973,1
-77.18363983629965,11.53232285778468,-2.3949937690300214,0
-82.66621104788393,-14.184403683062532,20.235385495197708,0
-79.19462407482793,22.352895426816215,73.2734621658813,1
-79.76188994538221,-8.899412734988058,-27.704573261194664,1
-24.362605471674858,-14.032675975751657,3.1633907283198495,0
-80.39468380681016,11.5820823228372,-3.053192978103853,0
-37.44047776998261,-47.38113597338508,-23.6972115180515,0
-81.99448857942633,-2.6739510437772758,-1.181792477024308,0
-22.607707818580156,-20.647130052291217,-14.011630371053535,0
-80.71099795540816,-9.203136272152893,4.714598822422153,1
34.351692038796244,-22.43711111894242,4.215953852942306,0
-81.2793090562664,5.754570420036712,-2.9403651812411185,0
194.76959558456525,-33.62136857635562,14.435458297624665,0
-77.91830412320991,32.729846515206596,7.368205141684428,1
43.28868706187678,5.5635031069391765,-7.981743555706721,0
75.82001818525713,8.272070386510153,-13.012343599986542,0
-76.38069601954335,52.052848688390824,-6.7872832432274,1
-81.71656902327189,0.10222569563369298,-8.918897489164744,1
56.55488809671366,12.120069496583197,-4.373168090973648,0
467.08587127566517,-9.658919244683416,-7.302610415214556,0
140.65471984221028,-13.798848551920889,-19.790393359927876,1
-33.579429819883636,-24.48071281271981,11.345823030387164,0
-4.560297288943469,-12.785885429027163,-12.056434385141785,0
-42.78244265480546,-37.31718713375053,-26.043082403811997,0
-6.556089581580517,-15.5410628636661,2.0444217951079477,1
103.50540153973951,-2.2774084280091,-11.27192610388862,1
115.4134101489064,-9.268949949583929,15.469593650421166,1
-77.12910292930385,48.909400248593535,25.44633403640606,0
43.453203652635004,23.330164140786973,8.647806135815193,0
281.7640400493296,-3.814062275814023,4.394352679122571,1
135.5450234338594,-7.649071157926508,-11.352869522607234,0
101.85177790016631,-26.935278142843938,-12.825314073781575,1
-81.53491083463051,3.673460061610514,-1.4030207620211472,0
-77.07609328060069,43.230304420692974,75.44336910626343,1
57.68632055316786,13.72741799247201,12.017236391664387,1
-40.337087084091536,-38.00074255602709,-26.016727948065636,0
-80.2998714356017,7.382533489985851,-25.00607887667091,1
-77.70549839610574,38.005655908680524,3.4490273804798846,0
26.17733642944482,-3.5029154158841296,-11.461318935251658,0
55.74303246273943,35.514854260914575,6.106310315539702,1
68.84151309576404,7.2846473263808065,9.342064956218778,0
100.1108123562259,-3.9531664452713264,5.929865123687561,1
125.10562882847191,-9.869974767716508,2.1277273161399592,1
-82.83794980318478,-32.33101888079902,-7.834693456207604,0
67.44018533537066,-23.074508070562622,-6.069900003345632,0
19.23912919101411,31.353982666040203,3.3408782902091745,1
3.441136428169181,-11.560047269129122,21.21865716655198,0
-79.58816385212305,-1.4487705512602045,-18.455421129472402,1
13.362817264647648,-11.190526262275286,0.2634227911246304,0
-18.40092284904248,-18.76297168094861,-8.487015270988461,0
-74.44601928394894,68.15756909079124,9.629003497795116,1
60.386831718712365,-13.403445207173688,-2.5186688340275594,0
-73.41910747928907,84.33573172547128,4.756505285389889,1
150.23126369467607,-7.747182032642383,16.22726626388797,0
-79.44053769204884,-2.1421011758098154,-9.265174899271324,1
-79.03069950240382,10.812060077753157,-1.5404031701379914,1
-46.439449388344954,38.62357327943132,-20.44763350441494,1
-79.22923253295379,-2.5066872152574584,-10.820377324963241,0
91.14811241018478,25.479636816839445,6.286454379284776,0
76.45897611491742,-7.896227988147108,3.006002672953801,1
-74.78212470015967,66.16914655637645,11.118545258064646,0
39.516168410267774,-21.513779442075023,-22.661431217216343,1
-12.596631341110617,-14.353221538205093,-7.233719468174262,0
-79.7575511743417,6.702367202095999,-4.80442958819152,0
-31.334728632504905,-32.799432775683144,7.1743806335627776,0
-75.691957048097,57.94978160896535,74.44894653590227,1
-81.95159416398441,-2.8968587441922424,-7.976379911975729,0
-24.550400107300906,-26.27785572338778,7.5529932736749466,0
180.03967408973963,25.62477592193561,-4.367290697493273,0
-81.9955123568097,-3.3473076384672207,66.31684693311797,0
-81.014917014083,5.484014980003486,-3.845108808533343,1
94.59743202616659,22.281264672808877,-6.342053972377511,1
-74.59550500290158,67.90197049633267,-3.009664316204135,1
25.434497298320345,5.104560970252184,5.604299913327436,0
-9.26782764130824,-23.82747204763446,-7.989440783703776,0
-90.16776390785975,-112.61724533868569,-20.961260514875526,0
-80.08108392883126,12.331090701292862,-11.149304326086028,0
-83.00939091325226,-12.374525481469098,-5.463895284928328,0
29.77573186595917,6.690237007371603,-23.785435922166137,0
4.483997861799788,12.314918788928628,26.35983074023464,0
-82.16924111836596,-7.679533004356972,70.10521960035105,0
-8.224152514385478,-23.16974266627871,6.041771844766026,0
-90.09240141262542,-108.12490903540231,-34.27347526024359,1
-82.990656188586,-17.917734071558773,-10.38638048395788,0
-78.68243862511265,26.02283276113977,-6.290531244844434,0
-84.45730172080007,-47.39872194484339,-26.35116520157876,0
-40.22919658959941,-28.65290951342701,5.830153738094167,0
-83.18074734951183,-21.266217649398314,-7.868632486787502,0
-75.9683630413403,56.55125354783898,-8.354428884566031,1
87.91943597990029,-8.834781037952139,14.614611369413923,1
-78.94008487331119,7.1640429283643705,57.72787670467477,1
-27.600710894824022,-27.561942178719793,-18.22261405968112,0
176.5157627758888,56.64424226103559,3.2128726091474182,1
250.84961800699725,40.95921614517444,16.406075399735162,1
-76.99299585420715,49.034912928025086,5.659006384566657,0
-79.38847451459515,-0.4629967403901397,-50.13875903132879,0
-77.92816541403201,39.45061148039386,-5.0736958410228725,1
214.68705245964907,5.327591210948997,2.3493209387987437,0
1.284658384220665,-24.498190250463683,8.684476351203667,0
-80.1979611093218,11.417311895407309,3.471752449136067,1
-81.59539320606,-14.629793827478311,4.346039811953191,0
-17.6315494048971,-36.62600623062071,-18.179070720687303,0
61.92769707390995,11.930220725402258,-31.15451850558461,1
389.64119120062674,13.576068861782677,-4.569415167340316,1
8.52537630254792,-7.85639194071593,9.589618273298752,0
-17.201573528895175,-36.99659411304339,-0.20317834526673545,0
13.625551121615395,-20.559259618924525,2.977415021933643,0
78.94099096706832,-10.630785421573634,10.82309533806901,0
246.94861950128328,-0.1041642441834389,-15.151421823350196,1
1.7559503750843646,-22.487482059990324,-10.99428776485215,0
-7.10915383153153,-36.13861375314986,-0.8327420864689883,0
-76.7364083071709,44.30120238482156,2.221117643296121,1
-8.693559389037203,-22.36963503401756,-39.97774047580204,0
1.4700423392285369,-15.268893374835265,-6.141304913015513,0
-80.85357541622953,-10.369441557912547,-0.29817891865650914,0
99.38208972692574,-23.891157751773708,15.15865903332853,0
-24.0075008429547,-30.472018501776226,4.475951158594497,0
30.54607082579898,-0.5209560942521339,1.450608240040585,0
-30.57772707983181,-2.544815178826161,17.85837017306582,0
-79.13968277210856,3.284839304274887,-9.776927394709482,1
-79.25971399944753,-2.1388715024639815,-40.26643990851695,1
206.49580210703164,8.056578845840393,-9.086673480016508,1
-0.7044436481805754,-21.49869056977402,-1.9801076238982749,0
113.7951275707986,-31.07631408148494,-1.3289470118946018,0
-75.76277084720572,53.36497367486851,3.6820347323863203,1
333.33356522070045,-24.410397271397194,17.89536773867106,0
6.047787084150359,-4.469454308545065,0.2348708800178651,0
-76.70440421026879,45.80825992982574,1.9053121555596868,1
194.45822234184791,-15.709368662977587,15.794667900721505,0
33.009396227048285,-29.72649399865701,5.3857416292038485,0
-77.04870710352272,14.2543752698952,-2.1442644174985763,1
-84.40896812313142,-30.63325504354775,0.722769034126475,0
-71.47515620639734,76.13646007347987,5.298311180401593,1
-83.10479082324193,-17.470503312198048,5.903455063924625,1
-79.24387083365673,25.97952713141326,12.67210305308496,0
11.137942030590507,15.253168495561216,-18.328540113025053,1
-83.65083966781438,-38.215410656923424,-18.922875342349545,0
-75.98961918574935,54.967414782274176,14.977559451675637,1
85.34751695969442,-10.255560947373569,17.65005279144757,0
-81.11660407085077,5.066054243134292,-0.07908243329065325,1
-82.66204709698363,-13.326950485060056,10.789125046352833,0
-73.08859718375489,84.04026126453643,11.02227001679845,1
502.6420914977511,0.33375048075217506,9.425803251429162,1
-79.57341346510097,-9.432975501857095,-29.209140090090575,0
95.35823631591322,-18.99372058210219,-4.054362127618606,0
231.358143127619,0.5284831689275699,-6.401172691037084,0
-16.371995000549855,21.827497288498297,0.17874477965226904,0
89.09309266588716,4.569239263761393,9.518319034779704,1
397.671880315944,13.327302992342746,-0.8851922858531631,1
-81.5975072317086,-17.727704458637945,-2.1152108928282547,0
-76.00824181947957,32.01724402075982,-15.111232254997041,1
-84.38693371420642,-29.845854756856248,2.8890920847128188,0
36.12478033855172,2.318431212881402,5.429522476946644,1
91.1592064272002,-9.33426056030102,-22.881930023176302,0
-6.612344729396294,-27.836701750576633,0.23208169997694356,0
-1.9982490010455713,-21.79557869264541,-5.373749706061471,0
-79.78889453162866,-0.8023896268164017,3.475982007295889,0
133.22244904077297,18.540549229969677,-6.559266068900651,1
203.35706605156622,42.80967911130265,-1.0710155685560245,1
-84.6513769279139,-29.95957278248807,69.87867664016542,0
105.90028171613653,48.382921903959755,11.714820940486621,1
68.23281346533534,8.905311978834398,-27.536274672537047,0
97.46911258590971,-31.64042729261211,-16.43580314184186,1
-83.84827264045796,-24.290881975715788,67.86162489282154,0
1.8106596785288311,-29.97003235741359,-7.95498092721023,0
-24.145736810444554,-38.37174555482055,-6.130014655745088,0
-78.70255083524908,26.241484817926004,3.2106588464808286,0
-83.15973769097027,-21.94541301137825,-0.5268297408288564,0
-79.47446092402058,18.286584397271493,70.50239282847579,1
-76.3364638042572,29.186210710126666,-19.295010776439224,0
-77.86216887606655,34.149145505345466,3.8464657296548985,0
-82.05290301502352,-17.660416280540556,-0.8000050533483772,0
-81.481306312963,-2.126928526748894,-15.195638852285994,0
-71.74305180595198,79.5664248770875,-26.65774154029769,1
-33.15428879050979,-36.21249587086276,-2.527744364678611,0
39.90259888542774,-9.924098402124196,4.006012989153496,0
-81.77248828063986,-3.6791958192046263,2.09061558961814,1
-80.28458448337577,2.691934131787832,7.6496010083380295,1
-56.41969593683733,62.541334562679275,-16.655626224662736,1
-12.316995153443456,-19.59514869075525,-1.644066455657802,0
11.34199668842387,-27.089295786828544,-20.620673153413012,0
-16.35462071938588,-18.194262924646544,-1.8158084920752315,1
-16.834006218015915,0.38905836123439635,-3.0244454672470833,0
10.64242872348674,-41.54736140826206,4.541823478733128,0
-79.20424839719504,19.98519600141904,7.421270132005324,1
127.20610531883834,-43.075216782441174,-3.983180120011135,0
-82.10275277355335,1.900021339091262,64.92683037238704,0
23.31160282308977,-26.338226669846787,9.606237643779618,0
-73.51207640098623,59.56950171808953,8.697521521981255,1
-79.53167477591502,24.027544824595523,17.745205921934982,0
-11.710844656768053,-35.03428652311812,-5.090263671714078,0
160.6801609176239,14.89393077143201,-18.09527584681626,1
-17.811238931533257,21.113114142413377,-12.177609507079964,0
-23.807225939671337,3.368448676543641,-4.232157991080782,0
-85.6033390098025,-42.335066585172754,6.35153778972476,0
-33.95965396990057,-42.61922869025581,-15.426894627518989,0
-81.8264742573597,-23.368030960761434,-17.41797509782409,0
-80.73584437914002,6.979932044804951,-22.044002277019114,0
24.570456587675036,-3.0708525050281756,18.349222970993186,0
-49.011010914664155,-45.124309174240736,13.421257121515293,0
18.686120635555284,-27.777541043929794,-2.557856600741258,0
-81.75050669953642,-1.2696046129955731,67.82390832763183,1
64.62592524011315,26.40384156072477,-9.610347714076118,0
-75.4447816009869,30.356459597975636,-16.741731843116106,0
-76.53440467131206,20.71930426259422,-4.213829178383498,0
-78.9492004604983,3.551483746153847,-0.47027998039210206,0
-78.77928869583042,28.712289809413612,-14.373039220089986,0
-81.26486996674974,-0.12533462731699685,9.917381204189788,0
-77.19195205649035,28.251643022680405,-17.611651963791495,0
110.58432262307323,-26.4006486378695,-17.16032500747112,1
29.10101212419463,-9.005164235552789,-4.334269121651094,0
-3.2417045057478413,5.7167701959360535,-9.25370830450154,0
-77.41823458144137,24.1272685137443,-22.086290454999975,0
250.7538530694098,12.559365106419232,6.131798673941582,1
-77.67176561350057,10.795738387331625,-23.66231405011289,0
-34.22845972342153,-34.571392519016136,5.210108905532881,0
42.254780190293566,-40.15313751963745,-18.90162032638852,0
-79.0648963549072,22.54065942146036,70.58652688047178,1
171.87899738814113,-4.689103458837703,-0.09575770217599229,1
400.514769811726,-23.830869556532807,11.710252647700933,0
189.98393419536845,37.79683891667824,-5.307570316818676,0
-81.63083995044076,-14.151056454461306,-4.897866685914627,0
-73.38282807793627,85.90866803875375,1.5183807399758267,0
-16.919433772825638,-37.66121973832164,-3.664943608552386,0
-81.46462246781698,-19.78284637509368,-29.685474096094794,0
-80.33634768248434,-14.89486000917802,-9.236048970519843,0
42.086446176683175,1.7788323146479583,0.3580976976912296,1
-86.01615411149605,-43.923138212212194,68.1796954066197,0
-76.20362952184844,57.67314970762984,3.1414999242318897,0
-81.65569647824528,-2.7189655372969086,5.262589771970745,0
-7.958615263828419,-38.980960051991815,-5.446152035249614,0
72.59067545602758,68.07952907318165,5.457368804238876,1
116.3716030328917,22.234833899018238,-1.326119375331437,0
-8.924770761621984,-1.976374514420301,-17.069121404144962,0
-82.02213066614789,-29.079913520316552,-13.1683676718316,0
-89.78280554023105,-109.85888736817871,-26.22662334316151,1
-3.2511173310718005,-25.833594076592778,-1.7525781454970626,0
-80.36792807275937,-15.280275557136008,-20.64979530082782,0
-84.79016241198946,-33.18211740664125,-14.754741344168078,0
16.64422117799594,59.517772828592044,-12.991689822038598,1
90.47485060816399,-3.0570434141221976,12.89007915613908,0
-7.514485783927092,-40.19546391404689,13.284122318590617,0
-80.6578647743198,13.209015579062003,-6.728266617946789,0
-82.27031359119921,-26.64745763458466,-14.328401430566524,1
130.65792551735262,2.2103973930904415,15.900838386474014,0
-83.64728521053046,-17.26027819248395,-0.8266769425042285,0
-83.55775227021077,-23.170449211082026,8.970949590667747,0
3.6247366242518715,-25.54247875639509,13.420936360296793,0
29.020382782077824,38.052071154604484,7.249923076998886,1
87.98901385660237,20.082717205401806,-18.689065078095567,1
-79.81521926341638,17.95227892387752,-13.40622370585655,0
-85.07020746070944,-34.86701571481412,5.305483345552176,0
244.53772497432809,-8.45099701195232,-10.555668635656382,0
-18.232245137882774,-52.18074354407322,-10.219088279879596,0
51.13534984430118,-1.8837658290855952,-11.610258139239098,0
-82.71087672751652,-10.239365200959453,72.48705000894466,0
-79.61375506533204,19.587644653335847,3.2282797015725317,1
-80.24563654863199,9.821718406749673,16.69474880301721,0
-82.96312430667288,-28.76055131909377,5.547420372036279,0
-0.47126373046785086,-26.502582675053976,5.226787358125508,0
24.24525603711024,-7.710340023101427,-1.0561795484783336,0
107.69108099596266,-16.789792861155508,3.017949722606296,0
-81.61903742157077,-2.211021320557799,8.34547709418211,0
25.840720451299912,-4.270103085389223,11.628298767340365,0
-81.51826926222886,-4.547674263448526,-4.238815348029068,0
-16.097454984449865,-35.00692321768776,-12.747406698030783,0
-84.56067701872975,-30.49930567870338,64.61387109906315,0
-27.507417695574738,-44.12766623280927,3.4385124562152813,0
-80.47451428581189,8.340116442349666,71.13256176750058,1
-81.78724645503173,-2.1595388843601118,-18.120516008488092,0
-87.15024965613158,-50.510016006951396,1.0803487277355408,0
131.18113990642206,-7.111144280677637,-10.696979876625614,0
77.6412046657599,2.380609690596624,-27.52746992687954,1
133.54738099484246,-31.72893508423138,-12.95019651548797,1
110.48380656624128,-4.242120929282473,0.03828196025586573,1
-81.37194187518058,-17.42616277619168,-27.66557854718116,1
-26.624219370390477,-31.59379308464669,-25.785586020245553,0
-6.31249676168054,-31.506970529021974,-15.006017479418826,0
151.79659804447215,52.42334704583627,-12.228107792779161,1
133.38391419627712,56.177696059729456,-0.23713601068374407,1
86.63919419658762,0.8047387556272708,4.642652395677551,0
-6.9655126110733745,45.97130009468396,-15.022763551581177,0
-71.356912557581,79.32839171229298,-32.8546438352123,0
-79.27571608576669,0.49157332313930513,-3.2845555445577808,0
22.998344194654067,-40.23145385573197,-5.562767141531159,0
-81.04774644509318,9.161279242010739,-17.390230656537373,0
-38.66131961136791,-31.399764123479482,1.6480721222647285,0
31.510011666752543,-40.635727471813425,-0.5285903126912924,0
135.2335812370483,-10.075491896174494,-1.0524574347874374,0
-80.28721533402029,-16.910619168173994,-12.240112045959627,0
-81.60764030315676,2.4934712707700815,-5.935628116522376,0
-79.68208843627994,-9.072264585592517,-12.33744803542495,0
-83.9769332939077,-25.14343060558261,-5.163019824130758,0
-80.03816160702729,16.752394491376197,-4.032043439994011,1
201.20783780475287,55.09769618780004,13.989310838064123,1
-5.1780409794078945,-34.71997074529517,-7.5533031704202385,0
-28.074437028461794,-20.41233151094919,5.9714329488843045,0
-83.21036160728981,-19.720913873225506,-8.891317414574495,0
4.932404312015141,-29.610278529789742,14.631012498411991,0
-62.75178543899408,-17.04491485365794,-9.287724662721999,0
43.588213099476086,-32.29772382206822,-1.7898702123807548,0
49.65764585526263,28.23249056514314,0.06564491190456874,0
85.18969107212264,-8.960658791329779,1.572831962802394,1
-84.69046155533985,-32.024345934784414,-3.1170977661399526,0
-79.2583611857064,19.20950850868181,-16.051107105788827,0
-36.056807563785654,-10.125253868224297,6.621207041823962,0
37.40441191392146,-28.64031260117072,8.13805890275595,0
251.50184637883945,-1.9230120092864962,-8.471921107087372,0
-15.58107107124974,-6.401072711523828,15.043532879051213,0
48.03440333908577,-20.897939419937615,23.316552308298895,0
-80.40494119872001,6.226337305493944,-5.701672754413756,1
-79.42354195208902,20.643053498179928,7.563985280131143,0
-67.0849517692787,81.24517231939063,-19.597931136694644,1
-74.22875919592694,36.98359516577503,-24.164706266252033,1
-80.24720647111972,-6.8336087862461214,4.695943718943471,0
-79.50721147212364,13.078176758206114,-11.84158164153459,0
-82.37602759357598,-8.959352977270221,-6.80626168889078,0
517.1206284375522,-42.85864407060304,1.923679439069038,1
-82.85565200117871,-22.96216866970238,12.07373437621803,0
-78.38076940153394,31.10787014205403,9.214627371207463,1
-82.39486210855682,-10.00566295922879,6.431695835588158,0
81.68362573150614,51.059250578299654,-10.574880042285088,1
-86.40974577859153,-49.384783579906134,64.07203885209988,0
-78.64396557082149,1.4253059800777126,-26.405834425556616,1
60.98934536217126,-15.775875854182743,-17.04361663690145,0
-79.23883820057219,22.684286933854644,-5.475619997866402,1
30.952156542420934,-45.01662367217533,12.026817908057094,0
150.92020945861037,-12.939826390625516,-7.08465669208548,0
110.89791003257622,55.83171630753268,3.4391486916588327,1
-85.5094209837567,-40.35277776408191,-12.735643696233087,0
-58.37015302433354,-34.11176186286799,38.51070514140875,0
-75.26623259803026,60.91961441904718,6.419749979366707,1
38.01239851408894,-21.132560871712286,30.759910471407586,0
-80.33013615836448,-3.804413081392847,-18.610032185949702,0
-84.14655789441996,-26.345549203697825,66.51548832047368,0
-77.96933202499545,9.654217082971831,-9.465099119548173,0
49.35112421066555,27.8293958816465,-8.759751316081541,1
-75.59556254321936,59.53356295447507,77.41257799059453,1
-78.29326991845487,7.013540677299044,4.746761285689774,0
219.2163892478982,37.01770806399601,-1.2881903129526895,1
-41.34145881772569,-27.49303894403332,2.978318220663164,0
195.41131148725063,12.299843620577484,-9.459817006521545,0
99.88650322137414,-21.738312959370713,12.000548279755552,0
76.00924320041652,-25.41678369176571,14.619232568813386,0
118.52295604008286,39.572924010401316,19.360152463038638,1
245.81110442843922,25.72250798987638,-13.944336379631844,1
-80.14682830110297,-7.729445774793774,-15.502437837558642,0
65.82544734566576,13.637630270847863,-5.199552521287544,1
-81.97068063960961,-6.515434717373188,1.4468422014559708,0
-80.4846751362122,8.209331650021882,-19.94246939518471,0
-70.22550548057627,-47.90113577417685,2.823896980395952,0
-79.82463653083164,2.8216182450246565,-17.62436419014763,1
-81.7486343495309,-4.272659441009994,69.29871913610893,1
80.46602150510566,-15.5564855374396,-21.9171218283986,0
-82.08369614323426,-20.672386971900178,-10.28332196573672,0
-73.94453710177324,74.7633365089141,-12.116468292128118,0
32.94709218087766,-30.987522756864237,-5.830568133967815,0
-81.81036393561955,-6.335122392598484,9.226436564485493,0
-26.636966621503586,-26.767486218641007,-30.75389428261485,0
-80.1645915500917,10.428291893570812,8.827666656395255,0
-79.2109963361007,19.014700142940285,-0.4129469424053444,0
-79.63502921026054,18.990096585167723,-6.246042741338908,0
-81.9165006985248,-21.31835151931635,0.30466852559289653,0
-81.32727339635852,1.2743293615840774,8.793722388139324,1
9.683544957701683,-20.463440893940618,-15.762770545279595,0
-81.65278123877945,-3.9217178139053077,13.704809339056059,0
103.15988883429593,-2.674409784742464,-5.555669272110593,0
-83.52800495737468,-20.821589034198063,7.991221782648769,0
-82.14993668333183,-6.437651134399993,-1.1600272727805103,1
-82.17101743569836,-5.046331737953884,-3.7617189773005455,0
-16.343330455642583,-25.21170328435216,-8.350083227960784,0
9.716697216281522,-23.659012949004474,-14.16683692866232,1
-36.201005412172485,-17.313148456784187,-3.2239519901784863,0
23.228243286102483,-19.24013446913655,-15.454492066771133,0
-79.72319614946049,14.590860569649367,5.67526618985411,0
-77.86789160366848,37.94604273664161,-3.4951882944057378,1
-84.67960596751504,-31.601275817713276,64.75370260713605,0
70.53693386565661,-25.4661874669719,-5.2440205751859414,0
362.3269864660568,0.7268288993131352,3.2462308690880213,0
68.0179948451118,39.14648007986175,5.762485919652956,1
85.0995341424444,44.000326859169085,23.59951030953706,1
52.3530871655208,12.428346684488496,-15.730989600493258,1
-80.51837750518851,-9.293169428448133,5.4743434098978705,0
17.11238286792378,-35.19629137745258,10.948421304775987,0
25.695552448307573,-8.554581728667054,8.241665759815715,0
-1.2671805838910848,1.270632907318134,-9.894787555012396,0
-80.87482768100567,4.565664561140745,19.94911523787344,0
53.90780751247467,-21.545596627700405,-2.9129444018252375,0
460.6104201952539,-14.073009229315286,28.52740119374495,1
8.78519304973496,-24.816193380205174,5.966287479208606,0
121.20410722438886,-10.938725516631406,-17.9131248737183,0
-79.28626827407342,22.891150207775897,-31.843919124381436,0
-12.83336117322759,-38.39591718690408,-20.66919828673812,1
-76.3839091023627,53.66355084362258,-5.38690563542657,0
-69.9352046258266,82.03776193300193,-3.69907787837224,1
156.84456195559167,36.00408382505814,-34.127146972034275,1
53.98322199405195,20.09973793531996,-15.103276505982537,1
-78.85568347169927,0.5361969257878574,-0.9108391856090107,1
52.71045588969361,-14.684426586611092,-16.889621245941086,0
-76.96289661730427,38.14296619798381,-14.014741592097929,1
-79.91008944960325,-1.4399341526006673,-6.2937061649619706,1
107.76946222017891,-33.47234740688011,3.9073581350868665,0
23.94975432944293,32.702037616852415,-7.384450950783666,0
92.18314816406746,36.3940201801729,5.280123855583539,0
-82.25308505820905,-16.791065393408314,11.137664688138658,0
-35.030022217839374,-41.18441329386223,-45.35184825244016,0
161.07533379771547,-9.970602571255514,-31.20001779905784,0
-83.29567708315231,-13.358706604801672,-16.48341127988396,0
-73.24644058500839,80.59572062131957,14.812175238381684,1
-76.97361151135519,47.815109768494416,-7.560434616506274,1
-83.2890201887832,-20.759071209160922,9.711919604241826,0
-80.67537123506128,5.428251937945399,20.947642178296455,1
181.5162781234032,-40.08107966305949,14.719935345617419,0
-40.73007774826876,-64.07335274575881,2.2440625306116573,0
-73.89844783629685,47.32292219804155,-8.222920353933597,1
23.758174601735586,-30.422985449004965,-4.317421419185834,0
-79.89429106626264,13.420072657385651,-4.09131482019179,1
-79.39041190002712,28.790772061142114,-5.372187156587414,0
125.59160604876753,-4.728726629021297,-1.4881862324538446,0
-79.77189518994196,14.85475106642263,13.253672112601206,0
-81.04061203549075,-9.412148077134304,15.514227550223662,0
101.72154250096779,7.601005345558126,1.0435642070907871,0
103.68265077468709,15.724761721649942,-17.701633130575523,1
-81.79565104876158,-3.369365800961104,-6.621453192044485,0
-76.05818366362529,53.38412215793987,-34.38122614615649,1
15.957040256436237,-3.015231892233038,-3.626031662116758,0
47.44348543073384,3.544243200573929,-7.765228377669541,1
-83.75186466654156,-24.184743492685115,10.79959534893551,0
399.99086082334185,-13.221694810624971,-9.999664978977728,1
49.560085396995454,42.8432239060157,4.381952345512933,1
-83.80135621124792,-24.344705157891003,67.66107148783234,0
75.05787316457301,1.4397134313875521,-11.726728723083635,0
-80.56520831842477,5.628711788699701,2.6387515103272317,0
120.06852000527024,-10.568199261728,-5.232006606699462,0
-78.19132302743071,14.250796886199147,-13.946238973845885,1
-73.84273089069671,58.24578272326087,-17.633795883031414,1
-80.749609279012,8.164266112851813,67.74733714453279,0
19.04551449776119,-12.534149832544971,-6.078606385770497,0
-82.01129136652841,-31.874922033668266,-22.761565178947173,0
-82.6353725155904,-8.615828081261087,72.03875579970389,1
253.7732880319706,-23.023246425761492,28.53384731727974,0
-76.17930292659996,53.71188683525554,0.9108632195789367,1
77.65843689131263,-37.291147379418454,-0.5978830948726991,1
308.19691027910943,5.36470550889762,20.07302487418527,0
-56.42604123293557,12.182346116466341,-11.226512158169239,0
-77.53217658440147,14.767257163425459,-0.659142946693247,1
210.78906820641998,-10.85453429996308,19.082081565994685,0
-82.2957707715948,-9.245885544243492,-2.089068339024325,0
316.983211147184,31.56124132047019,29.40928076524116,1
110.87250749877438,40.648638519140995,-4.1328075499303205,1
-82.20594991625921,-15.126552320081936,-9.238614648917412,0
97.75111800509355,-25.789099814408996,1.5511126881077213,0
-81.10194646374227,-12.249970300058154,-16.30259094093699,1
-82.81854521838294,-26.820581529742768,-21.96407822747615,0
119.7224721207265,-20.906033821276186,0.4406007489614541,0
50.057552483458984,23.248133629185066,2.764352626658721,1
25.558741279466293,-2.7334433119889137,-20.586042641363974,0
-81.08959070189911,4.274208452773776,-21.270689159351377,0
-78.7076568163113,0.05817776165403082,-18.711637533775004,0
99.78152879772206,-14.49424181097868,-8.849663417644088,0
-76.65800326609994,27.25184912598953,-12.764711044523839,0
-74.98491499087568,61.97799313601224,-2.382302409508227,0
-83.58184720487262,-23.486121792381606,17.968451254736028,0
0.338053141803163,9.966141572545224,-7.27237553922098,1
-80.33184493796422,8.616812211886261,-9.289138583833749,1
46.63424794272982,48.804919788812214,-14.479853450002249,1
83.34034802272895,-26.53464514178281,11.603993360312584,0
-82.14571205229299,-3.557337051709055,-4.372449799211766,0
-81.16655201690965,-20.150403625377617,-0.3051211632460807,0
41.074621879405015,1.1644866662727875,-13.763188361021694,0
-84.56005337118765,-45.19953957578597,-14.310582002222606,0
77.25697950106208,-31.503881453411456,8.9942261742533,0
-82.1871742048846,-7.419631247777338,-4.623237135146443,1
70.88250485516592,-4.203848467704258,-17.1377457053811,1
11.828743146743864,-24.33502016384914,21.99692209479426,0
34.451632499464495,-18.223039709765253,12.013394455943992,0
-78.27037825921383,32.645176499245366,-17.278031467303403,1
64.312352594667,28.664872241959714,-18.685043070667707,0
23.890246049591877,-19.426462647393258,-21.55441337844052,0
-74.78195612482622,35.153552461266194,-28.62200774112626,1
-25.011522799379517,-36.68369344345305,-18.673662789452738,0
125.99522665427062,53.511060662188385,9.817545703013291,1
-76.76324906482589,49.730565918997705,15.949363428556826,1
-78.97653538457585,21.94330627469939,7.483620025544922,1
-4.361785025560991,0.37515719812613246,-14.186546128504105,0
-80.46788727873056,-7.649711914883551,3.8144676892226506,0
435.03732817978914,18.479274865703893,-7.4905701284076365,1
-75.21662883082477,42.09702227527863,-10.27258772210688,1
32.16913475530982,6.337891263267355,-22.4505210669857,1
-76.1217208783861,25.869120684779237,-25.715397735768814,0
-80.24379626396292,13.94165175372587,-0.5745331043535195,1
-81.73477907468909,-5.583687690728041,-3.622237198107859,0
-73.4417945517692,83.97859688033648,-11.199360272220979,1
-66.43057051546765,-29.621274807180157,4.437986393958296,0
-73.60916087904158,57.42977345202821,-5.288733908004279,1
-83.87419758775948,-23.640260220097776,7.782819375650005,0
99.23788074168712,-25.080927132722497,-19.534825080053874,0
-78.6412388896221,7.688010075015726,-4.137226721850587,0
32.113198265055885,-3.376664798778814,-1.58786446491377,0
-80.21449431230148,14.18601976525175,12.351263899471768,1
-81.30814972470532,-21.62149605968055,-8.152768325549257,0
